Date,temp_mean_C,temp_max_C,temp_min_C,diurnal_range_C,precip_sum_mm,rel_humidity_pct,wind_speed_ms,solar_rad_wm2,pressure_hPa,apparent_temp_C,interday_var_C,abs_humidity_gm3,vpd_hPa,consecutive_dry_days,washout_idx,pressure_trend_hPa,wind_gust_max_ms,dust_proxy_index,total_weekly_patients,tb_cases,pneumonia_cases,covid_cases,asthma_cases,copd_cases,bronchitis_cases,bronchiolitis_cases,urti_cases
2020-01-06,20.556875,29.786041,12.374817,15.32908,0.0,42.81645,0.4884731,10.896569,862.1995,19.973146,0.65479535,7.6530404,13.832246,45,0.0,0.056111652,8.8553705,0.4884731,17,1,11,0,0,0,0,0,0
2020-01-13,22.261932,30.71048,14.177338,14.998317,0.10919571,44.28512,0.53595334,10.880441,862.8205,22.17533,0.21927316,8.719791,14.974296,52,0.10919571,0.0004272461,9.97276,0.5294058,16,1,4,1,3,0,2,0,0
2020-01-20,21.9088,31.183807,14.040985,15.329607,0.046253204,38.057037,0.7166289,11.307612,862.43445,21.212996,0.6377912,7.3687363,16.282845,59,0.046253204,0.06188965,9.007698,0.7151452,19,1,11,4,1,0,0,0,0
2020-01-27,21.486145,30.933868,12.686218,16.587406,0.0,32.274136,0.41754636,11.764234,862.69666,20.235088,0.7287162,6.1366487,17.300865,66,0.0,0.078604564,9.479418,0.41754636,14,1,8,1,1,0,0,0,0
2020-02-03,21.527575,30.917206,14.026978,15.805093,0.066280365,28.648378,0.80499727,11.848219,863.3882,20.00396,0.22517613,5.4232416,18.377375,73,0.066280365,0.1265782,9.746666,0.7986768,10,0,5,3,0,0,1,1,0
2020-02-10,22.080431,32.236115,14.832977,14.867881,0.024318695,,0.78196466,11.008415,863.1419,,0.23902239,,,80,0.024318695,-0.009617397,10.372057,0.77810615,12,0,8,0,0,0,0,1,0
2020-02-17,22.827345,32.184357,13.73526,16.370144,0.0,,0.5932349,12.246896,862.1631,,0.37578037,,,87,0.0,-0.16884068,11.452062,0.5932349,17,0,7,1,0,0,0,1,0
2020-02-24,24.130327,33.07376,15.26416,15.635454,0.0,,0.87061024,12.264928,861.81635,,0.3461609,,,94,0.0,-0.04446847,10.822945,0.87061024,13,1,6,0,1,0,2,0,0
2020-03-02,24.1749,33.17581,16.05606,14.487152,2.589941,52.621735,0.87289554,11.680934,862.1091,24.725452,0.7565177,11.211533,13.896741,100,2.589941,0.17393276,10.4333725,0.7455458,14,0,8,0,0,0,2,0,0
2020-03-09,23.029367,31.68039,16.012482,13.088501,14.1813755,58.693108,0.8307213,10.472714,862.6131,24.43149,1.000593,12.010251,11.764262,3,14.1813755,-0.25181362,10.037764,0.5629523,12,1,5,3,0,0,0,3,0
2020-03-16,23.659353,32.04492,15.642303,13.848619,1.4047623,44.23518,1.0359548,11.546056,861.48724,23.905766,0.4429888,9.420465,16.331356,9,1.4047623,-0.06048584,10.006944,0.9037747,18,3,8,1,2,0,0,1,0
2020-03-23,22.99527,32.42865,15.123749,13.230769,44.170616,56.967617,0.8098356,10.455676,861.7246,24.113192,0.59604317,11.391952,12.618871,13,44.170616,0.113882884,9.252909,0.5203127,16,2,9,0,1,0,0,3,0
2020-03-30,21.53479,29.375153,16.695038,9.101641,53.939102,78.876114,0.52620214,8.00948,861.84564,24.17003,1.1466283,14.820296,5.625328,0,53.939102,-0.13072859,9.540094,0.08402584,8,0,3,0,1,0,0,2,0
2020-04-06,20.984964,29.422272,17.602936,9.29933,70.0891,83.36974,0.48823047,8.745306,862.1285,23.800585,1.1223929,15.24854,4.157446,0,70.0891,0.30010113,9.392993,0.05702564,8,1,5,0,0,0,2,0,0
2020-04-13,20.460941,29.064972,15.432892,8.765769,110.73256,83.74208,0.43882775,7.8670964,862.46136,23.050005,1.3021545,14.769692,4.1094756,2,110.73256,-0.0879691,8.312007,0.047035877,10,2,5,0,1,0,1,0,0
2020-04-20,21.187466,27.44638,16.46756,8.569846,56.33545,82.49285,0.5307879,8.841348,862.34296,24.00458,0.42032295,15.2430725,4.468464,3,56.33545,0.14872524,8.352767,0.14382057,6,0,2,1,0,0,2,0,0
2020-04-27,20.709534,26.868866,15.860687,8.823569,53.47705,86.71375,0.66021764,8.720725,862.4811,23.684256,0.39752632,15.618199,3.248427,0,53.47705,0.06344169,8.124243,0.08362043,19,1,7,7,0,0,0,1,0
2020-05-04,20.961596,27.939423,15.891998,9.349823,45.73703,82.76789,0.4422199,9.212584,863.8188,23.708483,0.8184379,15.097139,4.3288865,0,45.73703,-0.1231515,10.226615,0.080780484,15,0,7,5,0,0,0,1,0
2020-05-11,20.668718,27.662445,16.134247,8.220576,52.84381,85.538,0.4680379,7.750747,862.9403,23.525497,0.49928066,15.357005,3.541495,0,52.84381,0.13011824,10.059502,0.08112856,18,1,3,12,2,0,0,0,0
2020-05-18,20.230814,27.051239,15.908051,8.109977,60.779335,89.08137,0.47305632,7.239429,863.8923,23.183712,0.5113874,15.594274,2.5984645,0,60.779335,-0.008632115,8.237426,0.059009466,24,1,6,15,2,0,0,0,0
2020-05-25,20.417616,25.111816,16.397125,7.006653,75.139046,88.54384,0.5968682,7.0269117,864.3746,23.410006,0.24642508,15.673311,2.7494466,0,75.139046,-0.020690918,10.575963,0.06789752,20,0,9,10,0,0,0,0,0
2020-06-01,20.762272,25.92685,16.154541,8.802943,64.43143,86.35402,0.34710672,8.517806,863.602,23.730696,0.7750026,15.600859,3.3617496,0,64.43143,0.079171315,10.703815,0.037661072,31,0,10,19,0,0,0,0,0
2020-06-08,20.082083,26.271942,15.366974,8.943892,77.598335,87.18096,0.49196568,8.637551,864.1185,22.822464,0.47213745,15.125212,3.0264697,0,77.598335,-0.17004395,9.425518,0.05584956,27,0,5,19,1,0,1,1,0
2020-06-15,19.675436,25.564758,15.527374,8.254756,98.340515,88.250656,0.62162477,8.174861,864.0005,22.330532,0.76225936,14.953221,2.7076013,0,98.340515,0.17333984,8.568191,0.056562074,20,0,3,14,2,0,1,0,0
2020-06-22,19.371656,25.029327,14.822723,6.492253,75.26302,90.11321,0.6115707,6.312925,864.2162,22.039062,0.8631592,14.995849,2.2439015,0,75.26302,-0.1791469,9.468953,0.059575286,17,0,8,7,0,0,0,0,0
2020-06-29,19.47368,25.7305,16.032135,6.778434,57.66821,89.667946,0.5905289,6.657963,862.7311,22.146809,0.8274798,15.004044,2.3718517,0,57.66821,-0.01537214,10.260983,0.08321377,21,0,5,14,0,0,1,1,0
2020-07-06,19.339334,24.868317,15.587952,6.9009223,99.292755,90.46726,0.59023327,6.9132257,862.97614,22.021662,0.57554406,15.030601,2.1571147,0,99.292755,-0.043369837,7.651931,0.03855458,12,0,5,3,0,0,2,0,0
2020-07-13,19.146986,24.087708,15.653076,5.402976,94.24829,90.58948,0.9045381,6.048384,863.0626,21.754726,0.5950187,14.872968,2.109014,0,94.24829,0.03804234,7.526927,0.08666327,19,2,6,9,0,0,1,0,0
2020-07-20,18.55678,23.36853,14.097443,6.524876,64.555885,91.40584,0.84775954,6.161069,863.5495,20.986261,0.34773037,14.499629,1.8432893,0,64.555885,-0.025399344,8.173318,0.10034587,6,0,2,4,0,0,0,0,0
2020-07-27,18.844034,22.719757,14.196838,6.43733,64.71062,91.43585,0.97224885,6.748569,862.9687,21.395294,0.38420323,14.759883,1.861887,0,64.71062,0.059840612,7.8116016,0.10496817,18,0,9,7,0,0,1,1,0
2020-08-03,18.688812,23.194061,15.996704,5.6530023,64.7397,92.0402,1.1753935,6.2224298,864.0277,21.216747,0.54217094,14.715087,1.7255404,0,64.7397,0.27730015,9.189775,0.18369147,9,0,4,3,0,0,0,0,0
2020-08-10,18.954538,23.869598,13.795563,7.3856506,12.482405,85.8994,1.4944631,8.510798,864.6844,21.152586,0.24628557,13.9589,3.0854294,1,12.482405,-0.26814488,10.12314,0.5797812,7,1,3,0,0,0,1,0,0
2020-08-17,19.810028,25.376373,14.824982,7.746922,33.607006,85.5837,1.0355294,8.576388,862.79724,22.316092,0.35434395,14.612353,3.3473473,1,33.607006,-0.19364712,8.587706,0.29857403,14,1,7,2,0,0,0,0,0
2020-08-24,18.879622,24.089355,14.795563,5.518084,126.24072,92.89284,0.9194282,5.5755157,861.9764,21.548737,0.76586044,15.022899,1.5751005,0,126.24072,0.09092494,8.6412525,0.10225459,9,0,3,2,0,0,1,0,0
2020-08-31,18.93301,24.71991,13.994934,7.261078,100.98958,88.85053,0.71113974,7.0608444,863.2216,21.332577,0.5081395,14.413979,2.4476745,0,100.98958,0.07357352,7.1870165,0.079057805,7,0,3,1,3,0,0,0,0
2020-09-07,18.596767,24.63443,13.742035,6.941241,119.520905,90.79316,0.7401544,6.333922,862.7779,20.997776,0.39709908,14.433513,1.9878355,0,119.520905,-0.21443394,10.413871,0.06347705,3,0,1,0,1,0,0,0,0
2020-09-14,18.756971,23.965027,14.124603,6.424731,136.67322,92.75907,0.79786044,5.880322,862.98926,21.365168,0.7448556,14.892278,1.5801394,0,136.67322,0.37152973,9.339937,0.058037203,2,0,1,0,0,0,0,0,0
2020-09-21,18.937391,24.855377,14.32547,6.2677,133.07356,91.72545,0.6969221,6.096713,863.2145,21.543835,0.3931318,14.879903,1.8266981,0,133.07356,-0.069144115,10.154174,0.06697404,2,0,0,0,1,0,0,0,0
2020-09-28,18.569916,25.033417,14.478363,7.081216,98.3696,90.70726,0.44938388,6.620024,863.27313,20.956034,0.7716544,14.400744,2.0029023,0,98.3696,-0.18899973,9.898885,0.02934648,10,0,5,1,1,0,1,0,0
2020-10-05,18.936153,25.259491,14.313843,7.3534546,68.47072,89.54624,0.49208742,7.202288,862.7917,21.381197,0.8818839,14.516751,2.3191445,0,68.47072,0.13713728,8.582624,0.059445895,5,0,2,0,0,0,1,0,0
2020-10-12,19.172682,25.50586,14.233185,8.557983,93.670364,87.76084,0.43013006,7.85457,863.5336,21.585789,0.39924404,14.433477,2.7358317,0,93.670364,-0.09775216,9.25972,0.04028483,12,0,6,1,1,0,1,1,0
2020-10-19,19.30896,25.33548,15.277283,8.268485,93.64211,88.1907,0.24231537,7.823977,862.9217,21.80778,0.6580941,14.61987,2.6660774,0,93.64211,-0.025782993,9.615988,0.019701859,3,0,0,0,2,0,1,0,0
2020-10-26,19.911224,26.66217,14.5138855,9.412419,69.60535,84.8355,0.41731876,8.084947,862.6314,22.399715,0.4446629,14.568162,3.5475729,2,69.60535,-0.10574777,9.377386,0.13345325,12,0,6,0,1,0,0,1,0
2020-11-02,19.97106,26.892761,15.276733,8.53353,19.845247,80.74891,0.673916,8.340293,862.23584,22.169313,0.36026436,13.913863,4.515158,2,19.845247,0.13149588,8.965243,0.316377,7,0,5,1,1,0,0,0,0
2020-11-09,20.461813,26.866821,14.315338,10.071184,4.6241283,70.85471,0.82323134,9.497674,863.3814,22.069544,0.45823887,12.567946,7.0263395,5,4.6241283,0.19516428,14.800276,0.57277477,8,0,2,1,0,0,0,0,0
2020-11-16,20.892612,27.533722,14.125214,11.490557,0.74768066,65.29463,0.66523975,10.135407,862.7012,22.202257,0.2328186,11.882993,8.574648,12,0.74768066,-0.24741909,8.243075,0.6094836,9,0,1,4,2,0,0,1,0
2020-11-23,21.28016,27.878937,14.621796,11.5195055,0.02169609,57.673664,0.59026754,10.87456,861.90515,22.083246,0.23143223,10.735839,10.705798,19,0.02169609,0.11975098,7.998561,0.5884051,20,1,8,2,2,0,4,1,0
2020-11-30,21.334146,28.629578,14.053619,13.20469,1.0364056,60.634724,0.532268,10.45201,862.37195,22.401424,0.23368181,11.324347,9.98468,26,1.0364056,-0.02620152,8.321006,0.48663163,20,1,7,1,0,0,3,2,0
2020-12-07,21.530954,29.34668,13.195801,14.319502,0.061035156,48.8993,0.56011385,10.948174,862.91705,21.66062,0.5156817,9.223748,13.145509,33,0.061035156,0.08075823,9.522406,0.55688435,15,1,12,1,0,0,1,0,0
2020-12-14,21.454336,29.230469,14.046417,13.4102955,2.9754639,62.905987,0.43276605,9.269458,862.51013,22.74697,0.164808,11.823769,9.487394,39,2.9754639,-0.27459717,8.401594,0.3158125,21,1,11,1,2,0,1,2,0
2020-12-21,21.34943,28.897125,13.714874,13.939423,0.25987625,46.467358,0.5781129,10.8587265,861.92865,21.242641,0.29322162,8.699321,13.576431,7,0.25987625,0.073416576,7.736298,0.5671036,19,1,9,3,1,0,3,1,0
2020-12-28,21.371141,29.574799,13.882416,14.625636,0.0,40.337944,0.61148137,11.007077,861.32733,20.746414,0.39425224,7.5425253,15.182986,14,0.0,-0.1409389,8.014322,0.61148137,28,1,17,1,3,0,3,0,0
2021-01-04,22.121155,30.32077,13.9730835,14.985465,0.0038146973,42.48249,0.5787627,11.01496,861.60175,21.844126,0.37677002,8.299135,15.3233595,21,0.0038146973,0.027374268,8.891598,0.5784789,15,1,6,1,1,0,3,0,0
2021-01-11,21.919983,30.111542,13.58847,15.563202,0.20718575,46.986206,0.5473135,10.949823,861.2621,21.98485,0.41610283,9.067494,13.958655,28,0.20718575,-0.030979702,10.175623,0.5385191,18,1,7,6,1,0,2,0,0
2021-01-18,21.734632,29.840729,13.141846,15.065879,0.0,29.672024,0.8735389,11.701178,861.6287,20.276373,0.3890381,5.672798,18.290564,35,0.0,0.073372975,8.810528,0.8735389,21,1,8,3,0,0,4,1,0
2021-01-25,21.414816,30.112366,13.403748,15.516802,0.0,29.660309,0.65337133,11.780181,861.78546,19.905655,0.49144635,5.5649047,17.949772,42,0.0,0.042288642,9.265824,0.65337133,27,0,11,5,0,0,4,0,0
2021-02-01,22.775835,31.04004,14.396057,15.130049,0.0,27.925726,0.67404395,11.944821,861.863,21.321003,0.29497418,5.6619377,19.9758,49,0.0,0.08956473,9.6629505,0.67404395,25,2,13,2,1,0,2,1,0
2021-02-08,23.05535,31.499268,14.555695,15.392922,0.0,27.011398,0.73744357,12.033638,862.127,21.561111,0.35708183,5.5690513,20.569653,56,0.0,-0.2013201,9.824858,0.73744357,31,1,12,7,1,0,4,1,0
2021-02-15,23.243612,31.652832,14.163483,15.325688,0.0038146973,26.447874,1.077595,12.237135,861.2988,21.723955,0.12311227,5.5093966,20.968185,63,0.0038146973,0.017333984,9.452881,1.0769291,28,1,7,14,0,0,3,1,0
2021-02-22,22.15154,31.484558,13.636047,15.59099,0.15830994,27.321241,0.8272168,12.107846,862.23553,20.541157,0.6210022,5.3271112,19.452036,70,0.15830994,0.1823469,9.44595,0.81506765,30,0,12,10,1,0,5,0,0
2021-03-01,23.044674,32.271545,14.989838,15.275099,0.007390976,31.383053,0.7904855,12.344872,861.2764,21.954798,0.5204032,6.4675417,19.34753,77,0.007390976,-0.34769112,9.455954,0.7897829,17,0,6,7,1,0,0,0,0
2021-03-08,23.996006,32.243866,14.791809,15.560098,0.04863739,36.150158,0.83244187,12.402181,861.0517,23.539148,0.4822998,7.851665,19.066149,84,0.04863739,0.17081997,10.03403,0.8275744,44,1,12,22,0,0,4,1,0
2021-03-15,21.176487,31.35849,14.888062,9.754255,47.939777,71.92924,0.4519424,7.376164,860.7215,23.058691,0.8593314,13.157362,7.3797803,85,47.939777,0.03738839,9.244307,0.14711188,42,2,13,20,1,0,3,0,0
2021-03-22,20.070055,27.164642,15.001984,9.3438635,82.12066,82.90328,0.44280937,7.478137,861.0124,22.457552,1.1718881,14.335119,4.1051073,0,82.12066,-0.0723441,9.841052,0.051642817,24,0,6,17,0,0,1,0,0
2021-03-29,20.855154,28.460083,14.92688,10.950648,33.08487,70.27841,0.5923252,10.566834,862.2386,22.476007,1.4898115,12.5876465,7.6672754,3,33.08487,0.17859758,8.81609,0.34367922,15,1,4,9,0,0,1,0,0
2021-04-05,22.522844,30.146667,14.458862,13.492889,0.002861023,42.14106,0.5538445,13.137863,861.6964,22.309208,0.34877232,8.429434,15.783522,10,0.002861023,-0.066101074,7.6817045,0.5535695,8,1,2,4,0,0,0,1,0
2021-04-12,21.192675,29.293274,15.961487,10.588549,42.567253,74.41234,0.390913,8.739548,861.49945,23.323044,0.91251045,13.709093,6.583023,12,42.567253,0.11541748,9.518705,0.11969542,10,1,3,4,0,0,0,0,0
2021-04-19,20.107195,28.144745,16.307495,8.715201,49.94893,84.61548,0.56713456,7.864292,861.95325,22.645252,0.72464424,14.671052,3.696377,1,49.94893,-0.03062221,8.258586,0.10377596,13,0,3,10,0,0,0,0,0
2021-04-26,20.383444,27.053741,16.484894,8.796958,89.835884,87.0433,0.42815122,7.7306147,861.79285,23.243605,0.37294224,15.378481,3.1020715,0,89.835884,-0.07345145,8.352597,0.04124857,11,0,6,4,0,0,0,1,0
2021-05-03,20.376242,26.595642,15.842682,8.732042,63.577415,85.03075,0.3874212,7.6725507,861.0568,23.070354,0.48496792,15.006971,3.6004307,0,63.577415,-0.09791783,9.618562,0.04823815,12,0,3,7,0,0,1,0,0
2021-05-10,19.396807,26.582977,14.782196,7.585401,60.789825,87.06714,0.56323284,7.107559,863.1493,21.848354,0.57066125,14.509369,2.9304924,0,60.789825,0.3944179,7.677644,0.07854513,18,0,6,10,1,0,0,1,0
2021-05-17,19.966692,26.502716,15.428223,8.020617,45.047997,85.81317,0.3409011,7.182504,862.68445,22.557447,0.489175,14.794599,3.314396,0,45.047997,-0.14877756,10.342545,0.054690253,9,1,3,4,0,0,0,1,0
2021-05-24,19.883924,26.627106,16.30893,8.3064575,61.947105,88.14243,0.48498982,7.675644,863.6875,22.616411,0.6407601,15.116889,2.771252,0,61.947105,0.14033726,9.948219,0.056218233,21,0,6,14,0,0,0,1,0
2021-05-31,20.275167,27.036621,16.173096,8.898729,70.54687,86.84796,0.6598999,7.9795833,862.5688,23.06369,0.66871864,15.223814,3.1795123,0,70.54687,-0.2945295,11.411648,0.1182642,15,0,6,4,1,0,1,2,0
2021-06-07,19.679836,25.960968,14.116852,8.532427,67.680595,87.41893,0.32832274,7.8458095,862.89606,22.267822,0.7232666,14.802148,2.9391453,0,67.680595,0.14795794,9.6319065,0.043024782,19,0,9,6,0,0,0,3,0
2021-06-14,20.030056,26.238556,15.259735,8.602181,56.590797,87.7138,0.46725073,7.8451695,862.9903,22.789824,0.49990845,15.171153,2.895617,1,56.590797,0.11025565,9.873552,0.14757444,19,1,4,7,0,0,2,4,0
2021-06-21,19.45499,24.666046,14.706116,6.9893274,86.65729,90.59663,0.47955722,7.120542,864.2087,22.194712,0.7122672,15.15429,2.1374805,0,86.65729,0.09571184,7.9323587,0.036778305,19,0,5,7,0,0,2,4,0
2021-06-28,19.133738,24.857178,14.622314,7.781612,75.64664,88.56394,0.5089715,7.052987,863.2469,21.589094,0.670214,14.530039,2.5662942,0,75.64664,-0.033970423,9.930836,0.0524114,19,0,7,7,1,0,2,2,0
2021-07-05,19.04429,24.1185,14.522369,6.9858747,79.3891,90.39061,0.53398645,6.7660475,864.6391,21.597376,0.5322222,14.754718,2.1329942,0,79.3891,0.19227818,7.532438,0.047481697,15,0,6,3,0,0,2,4,0
2021-07-12,18.685957,24.039093,13.747528,6.4415717,69.84234,89.66483,0.7618771,6.159079,864.23505,21.041517,0.5035095,14.326963,2.2454107,0,69.84234,-0.055114746,7.4657707,0.1351222,13,0,5,3,2,0,0,2,0
2021-07-19,18.978611,24.003143,15.405212,6.5732946,70.74928,89.8338,0.8089258,6.7943454,863.86017,21.465181,0.7518616,14.608079,2.2440114,0,70.74928,-0.11672538,8.01478,0.09712627,8,0,2,3,1,0,2,0,0
2021-07-26,18.881266,23.412628,14.474213,6.545288,45.544388,88.48112,1.1389854,7.2689815,864.9047,21.238316,0.27157593,14.3202505,2.5021834,1,45.544388,-0.0572161,8.929021,0.3897849,7,0,3,2,1,0,0,1,0
2021-08-02,18.559496,24.094238,14.670868,7.3343854,62.531948,90.577415,0.8828885,7.302255,864.50385,20.933792,0.35250854,14.374797,2.0148466,0,62.531948,0.21188791,7.811575,0.14227705,15,1,3,5,1,0,2,2,0
2021-08-09,19.23383,24.530823,15.620911,6.665113,73.92216,88.348335,0.88893336,6.7109213,865.23157,21.71725,0.34126064,14.588695,2.601187,0,73.92216,0.058776855,9.905991,0.11534583,23,0,7,10,0,0,1,1,0
2021-08-16,19.035645,23.811676,14.986542,6.51106,75.57988,88.45155,0.7984022,7.1932273,863.71173,21.450169,0.39870343,14.442606,2.5390153,0,75.57988,-0.2949829,8.557315,0.18318829,19,0,6,7,1,0,1,3,0
2021-08-23,18.9103,24.250092,15.5877075,6.382141,93.96672,90.41223,0.6569789,6.750707,863.10626,21.41206,0.5229754,14.645226,2.110197,0,93.96672,-0.25850132,7.510865,0.0477013,21,0,10,10,0,0,1,0,0
2021-08-30,19.713694,24.768097,15.949921,6.6778913,81.24661,89.79671,0.44545227,6.896966,862.2778,22.502325,0.3657314,15.251546,2.3490424,0,81.24661,0.039507184,7.822029,0.040208332,24,0,6,15,1,0,1,0,0
2021-09-06,19.078573,24.817413,14.9496765,6.639727,105.00264,90.734055,0.6735176,6.6652117,862.81805,21.670267,0.5774798,14.839956,2.0642357,0,105.00264,0.28837368,9.353573,0.049022537,38,0,6,32,0,0,0,0,0
2021-09-13,19.399326,25.142487,14.711945,8.567649,95.059395,88.5379,0.506126,8.171953,863.36414,21.96274,0.27791485,14.7608185,2.5890672,0,95.059395,-0.18870327,8.819919,0.05491329,36,0,5,30,0,0,0,0,0
2021-09-20,19.522135,24.95929,15.06488,8.349274,70.7097,87.98677,0.31181094,7.8199577,863.52655,22.09476,0.3239441,14.775554,2.734319,0,70.7097,-0.0026419503,8.084923,0.04469951,41,0,2,38,0,0,0,1,0
2021-09-27,19.097544,24.400146,15.1059265,6.4653754,73.76814,91.142006,0.40142706,5.84405,863.30084,21.730896,0.6212333,14.932402,1.9619285,0,73.76814,0.056422643,7.8438478,0.035855353,44,1,4,35,2,0,1,0,0
2021-10-04,19.711697,24.980194,14.451294,8.454668,74.3649,87.49804,0.339753,8.163922,862.5094,22.32074,0.7508545,14.848444,2.900224,0,74.3649,-0.064723425,9.116234,0.04151065,21,0,2,18,0,0,0,1,0
2021-10-11,20.093641,26.026276,15.225922,8.059723,75.994965,87.87523,0.54676133,7.3739967,862.25183,22.883108,0.71334404,15.23536,2.9087493,1,75.994965,0.05305699,10.890581,0.121181175,17,0,9,6,1,0,0,1,0
2021-10-18,20.344055,27.092438,14.655579,9.51059,69.412704,84.72802,0.33458048,9.095106,862.1093,23.0053,0.72942245,14.934324,3.653344,1,69.412704,-0.12437221,8.14384,0.0925871,15,0,3,8,3,0,0,1,0
2021-10-25,19.70465,26.605988,15.901459,6.6486945,89.44177,89.65899,0.5631031,5.9245567,863.2545,22.474031,1.0366255,15.20854,2.415509,0,89.44177,0.16724505,11.7171135,0.049338847,19,2,2,7,3,0,0,2,0
2021-11-01,19.890036,25.4664,14.906464,9.013097,49.680473,84.32228,0.40554616,7.9068847,862.966,22.334677,0.39580426,14.4703665,3.6469724,1,49.680473,0.05494036,8.875137,0.12310373,22,1,3,10,0,0,1,2,0
2021-11-08,20.007978,26.508911,14.614044,9.506056,60.85086,83.65821,0.73176384,8.256903,862.1939,22.439405,0.45937237,14.435828,3.8687952,1,60.85086,-0.37826973,13.049144,0.27587858,25,0,13,2,1,0,1,2,0
2021-11-15,19.92692,26.535278,14.664917,10.061188,32.36866,83.18596,0.32234022,8.784581,861.901,22.297916,0.49470738,14.303214,3.9304492,1,32.36866,0.20492117,8.964055,0.09929011,13,0,5,1,1,0,3,1,0
2021-11-22,19.838562,26.575165,14.213593,10.6494665,28.30863,80.81826,0.51122916,8.976717,861.78955,21.984344,0.47803608,13.802606,4.491879,2,28.30863,-0.06613595,9.810715,0.26544887,18,0,7,5,0,0,3,1,0
2021-11-29,20.757547,27.687225,13.846741,12.486376,1.8997192,70.54143,0.55943614,10.606585,862.0802,22.445816,0.37737164,12.736062,7.2188263,4,1.8997192,-0.023367746,8.544862,0.45545855,20,0,13,2,0,0,2,1,0
2021-12-06,20.821795,28.696716,14.134827,12.954651,0.0538826,62.419018,0.5970066,10.308999,861.79114,21.875996,0.543954,11.31375,9.247095,11,0.0538826,0.08406285,8.587073,0.5921483,13,0,5,1,1,0,1,0,0
2021-12-13,20.372087,28.934448,13.39386,14.086884,0.0,50.814644,0.6555767,11.176788,861.487,20.375492,0.28489903,8.97462,11.761109,18,0.0,-0.16271973,9.290759,0.6555767,23,0,11,1,2,0,0,1,0
2021-12-20,20.141497,28.49765,12.672577,14.2099085,0.0,48.533855,0.6851858,11.051658,861.76105,19.907656,0.19106184,8.449515,12.143641,25,0.0,0.079616,8.514845,0.6851858,16,0,9,1,1,0,1,3,0
2021-12-27,21.072927,29.435883,13.762054,14.27366,0.0042915344,45.302837,0.6824773,10.377264,861.9068,20.791334,0.47288296,8.317634,13.686711,32,0.0042915344,0.11377825,9.664911,0.6822195,14,0,7,5,0,0,0,1,0
2022-01-03,20.541172,28.738922,13.250092,14.221715,0.0,40.14126,0.5967384,10.706914,862.32,19.736618,0.5631307,7.1593823,14.469973,39,0.0,-0.13434856,8.820311,0.5967384,43,1,13,22,2,0,1,0,0
2022-01-10,21.153225,29.473022,13.238983,14.635071,0.039339066,45.77821,0.53850895,11.056931,861.8221,20.942919,0.34779575,8.473131,13.600332,46,0.039339066,-0.1685791,8.452433,0.5358928,33,0,4,27,0,0,1,0,0
2022-01-17,21.116102,29.790436,14.377472,13.575579,0.15759468,46.103157,0.9834923,10.969548,862.9525,20.911383,0.41239712,8.48832,13.516353,53,0.15759468,0.515128,8.713848,0.96078074,44,0,19,20,1,0,0,1,0
2022-01-24,20.158888,29.15155,12.726166,15.49973,0.00071525574,40.290554,0.5158537,11.633029,862.81305,19.285864,0.31563023,7.015366,14.11371,60,0.00071525574,-0.37126812,8.537428,0.5157549,15,0,4,6,0,0,3,0,0
2022-01-31,20.35242,30.269684,11.997711,16.683224,0.0011920929,34.545345,0.637942,12.05688,861.5234,19.069763,0.27512032,6.092136,15.634807,67,0.0011920929,-0.047973633,10.149557,0.637893,15,0,8,4,1,0,0,2,0
2022-02-07,20.9854,30.152435,12.242828,15.732164,0.0,34.936905,0.7896779,11.95877,862.2831,19.84367,0.6057914,6.394673,16.165834,74,0.0,0.09565953,8.827056,0.7896779,14,0,9,1,0,0,0,1,0
2022-02-14,21.849613,30.74289,13.049835,15.537179,0.0,30.69165,0.80152816,12.40982,861.4072,20.495054,0.3414917,5.902339,18.156452,81,0.0,-0.041660853,9.0621,0.80152816,16,0,12,2,0,0,1,0,0
2022-02-21,22.690657,31.427795,13.816895,15.635925,0.005722046,30.04257,0.9898752,12.515849,861.4655,21.414494,0.33401054,6.061029,19.2937,88,0.005722046,0.059910364,8.98845,0.9892368,17,0,8,2,0,0,3,0,0
2022-02-28,22.999329,31.545929,14.4758,15.841064,0.0,29.538774,0.7853602,12.718012,861.9351,21.7279,0.27634975,6.0655403,19.802729,95,0.0,-0.092904225,9.647797,0.7853602,15,0,10,0,0,0,3,0,0
2022-03-07,21.833231,32.149567,14.721527,13.629491,22.485018,66.02743,0.6108618,10.386437,860.7381,23.462389,0.51746476,12.5659275,9.102124,97,22.485018,-0.15911865,9.58119,0.31270474,21,1,12,1,0,0,1,0,0
2022-03-14,21.283548,30.5029,15.778107,11.885842,41.739464,74.33872,0.39682487,10.120305,860.22784,23.445036,0.7292829,13.77502,6.6055655,2,41.739464,0.035940986,9.800386,0.21117301,16,0,11,1,0,0,2,0,0
2022-03-21,22.23454,30.680084,14.173492,14.667502,0.51546097,57.24123,0.6011818,12.198119,861.1287,23.270952,0.35164532,11.224596,11.520465,9,0.51546097,0.10091727,9.847604,0.56042796,13,0,8,0,0,0,4,0,0
2022-03-28,22.498962,31.098755,15.826263,12.834769,4.198551,59.39634,0.6913155,10.659395,861.25696,23.800442,0.5244533,11.806235,11.157506,10,4.198551,0.09561593,10.29114,0.5384074,10,0,5,1,0,0,2,0,0
2022-04-04,22.27222,31.613556,14.4904175,13.436702,5.210638,56.74008,0.8015465,11.305562,860.64435,23.249859,0.7872009,11.094987,11.775515,9,5.210638,-0.013253348,9.861972,0.56989306,24,0,16,1,1,0,2,1,0
2022-04-11,21.292887,28.737762,16.856567,10.043191,53.212402,80.61837,0.4691722,8.637134,861.28186,23.997585,0.9326957,14.986791,4.9684534,1,53.212402,-0.16192627,9.382986,0.06723156,18,0,10,1,1,0,1,2,0
2022-04-18,20.24939,26.430145,14.907135,8.254608,87.181564,86.929214,0.33837268,7.2596717,861.1778,23.04072,0.689536,15.231011,3.11981,0,87.181564,0.16178676,10.658961,0.03288141,17,1,11,0,0,0,3,1,0
2022-04-25,20.662306,26.832153,16.455597,8.911011,77.548744,86.83887,0.33802417,8.273608,861.51416,23.624231,0.39002338,15.592474,3.2101948,0,77.548744,-0.11502511,10.807293,0.03174992,12,0,7,1,0,0,1,1,0
2022-05-02,19.810696,26.670502,14.990875,8.797063,52.58584,87.374985,0.4470727,8.002447,862.35754,22.451952,0.6372637,14.915892,2.9434686,0,52.58584,0.26479667,9.651846,0.07320917,10,1,4,2,0,0,1,0,0
2022-05-09,21.059832,28.078033,15.335602,9.855905,35.599945,79.94126,0.6329288,9.723842,862.3924,23.62379,0.7816337,14.6824465,5.0264215,0,35.599945,-0.09429932,10.877546,0.1342914,14,0,5,5,0,0,2,0,0
2022-05-16,20.426344,26.849335,16.795074,8.562417,73.40193,86.64984,0.39083248,8.429949,863.20605,23.272482,0.28095356,15.345064,3.2074506,0,73.40193,0.20302908,10.8848715,0.0410118,24,0,15,1,2,0,1,1,0
2022-05-23,19.67198,25.559235,15.914032,6.9562073,83.26459,89.47036,0.43741617,6.2530203,863.24677,22.42157,0.4800633,15.165415,2.4113064,0,83.26459,-0.0031389508,8.293227,0.046630554,12,0,4,1,0,0,4,1,0
2022-05-30,19.91768,25.417694,15.648041,8.660553,32.225372,84.28014,0.28408322,8.362617,864.149,22.369493,0.7290824,14.485114,3.6685827,1,32.225372,-0.15259661,9.438715,0.07296375,21,2,11,4,0,0,2,0,0
2022-06-06,19.45342,26.585297,14.481384,9.324768,46.643494,84.2075,0.7664235,8.374025,862.09515,21.713562,0.6753453,14.07643,3.5923488,0,46.643494,0.1345738,10.963001,0.14961597,12,1,7,1,1,0,2,0,0
2022-06-13,19.190653,25.320343,15.339203,8.253671,75.01388,88.058426,0.50505793,8.187577,862.9912,21.63527,0.68274796,14.503335,2.6623957,0,75.01388,-0.05964007,9.423377,0.046441324,17,1,8,2,1,0,2,0,0
2022-06-20,18.919203,23.878784,15.241272,6.5902057,80.38855,89.38512,0.43707603,6.305747,863.1217,21.350164,0.5890328,14.48491,2.3496578,0,80.38855,0.14276995,8.701508,0.044396754,22,1,11,3,2,0,4,0,0
2022-06-27,18.783518,24.401093,14.847473,7.609693,93.10031,90.74428,0.3147834,7.899052,863.0855,21.26005,0.49700928,14.594178,2.0149257,0,93.10031,-0.035714287,8.952937,0.02514902,12,0,7,2,1,0,1,1,0
2022-07-04,18.879042,24.78482,14.069244,6.524026,167.97614,91.86523,0.34950957,5.257383,864.0426,21.47362,0.54056656,14.855859,1.781077,0,167.97614,0.08889335,6.7410126,0.01998174,10,1,4,1,1,0,2,1,0
2022-07-11,18.801535,24.123993,14.381805,7.183694,99.28799,91.779724,0.5941229,6.893195,864.1349,21.354792,0.8557434,14.766704,1.8070117,0,99.28799,-0.2315761,7.119999,0.039748278,6,0,4,0,1,0,1,0,0
2022-07-18,18.967373,23.696869,15.398621,5.7664313,49.969196,90.82817,0.9455934,5.911067,863.56635,21.52417,0.09107753,14.766649,2.0096796,1,49.969196,0.16562326,8.174215,0.16842206,13,1,7,1,1,0,0,0,0
2022-07-25,18.264042,23.145294,14.691986,5.4153748,74.826004,93.46944,0.8237506,4.93084,862.98224,20.721334,0.54568917,14.576035,1.3737856,2,74.826004,-0.13118199,9.136531,0.1805842,16,1,6,0,2,0,5,1,0
2022-08-01,18.809055,24.031158,14.940094,6.1141357,67.70444,89.581985,1.2336676,6.4973917,863.4018,21.211523,0.7579215,14.426132,2.276913,0,67.70444,0.075186595,9.546598,0.15034065,20,1,4,7,1,0,5,0,0
2022-08-08,19.01423,23.871948,14.254364,6.6461616,84.266426,91.31203,0.7663476,6.5725884,863.05,21.619968,0.49564907,14.874909,1.933,0,84.266426,-0.12817383,7.3258905,0.17113352,16,1,5,8,0,0,1,1,0
2022-08-15,18.670115,24.11319,15.939789,4.869437,116.69374,93.29934,1.2792928,5.072531,862.60596,21.280413,0.32533482,14.901465,1.4529703,0,116.69374,-0.06147984,12.383604,0.12859324,25,1,7,12,1,0,3,0,0
2022-08-22,19.131819,24.82663,14.97876,7.9420953,18.772125,85.237076,1.1859683,8.961788,862.9247,21.346437,0.33493477,13.9886265,3.2764032,2,18.772125,-0.099217005,8.543028,0.51094925,22,2,6,9,2,0,0,0,0
2022-08-29,18.067501,23.592865,13.50882,5.755088,184.81946,93.844406,0.9244833,5.446627,862.8817,20.467882,0.8690011,14.45697,1.2987415,0,184.81946,0.19417898,9.872946,0.06300233,5,1,1,3,0,0,0,0,0
2022-09-05,18.3624,23.16977,13.139099,7.1542535,66.606995,91.29228,0.94001323,6.40116,863.879,20.70804,0.40914044,14.319357,1.8431917,0,66.606995,0.28162494,11.333595,0.19052295,17,1,9,5,0,0,1,0,0
2022-09-12,19.246325,24.52298,15.47464,6.828748,52.414658,90.23549,0.95049125,7.010804,863.3666,21.873928,0.48747036,14.912208,2.187033,0,52.414658,-0.24393137,8.7771225,0.12570414,11,0,4,6,0,0,0,0,0
2022-09-19,18.535997,24.178162,14.606812,6.6043572,99.97702,92.198875,0.77625144,6.368175,862.7157,21.007618,1.0412467,14.595618,1.7041781,0,99.97702,-0.047964912,7.792945,0.058642037,6,0,3,2,1,0,0,0,0
2022-09-26,19.236715,24.934784,14.400726,7.6939654,145.0653,89.42745,0.3148661,7.4343233,862.45026,21.80216,0.6722717,14.7725725,2.365505,0,145.0653,-0.06605748,8.971227,0.022849338,8,1,4,3,0,0,0,0,0
2022-10-03,19.097239,24.63919,15.498413,7.534389,92.28635,89.98142,0.47238302,7.3602824,863.2504,21.645681,0.28725323,14.741491,2.2148194,0,92.28635,0.09661865,9.454962,0.03489149,12,2,7,2,0,0,0,0,0
2022-10-10,18.727945,24.029053,15.055328,6.2804694,86.759094,92.52738,0.37234047,5.7526784,862.8198,21.308788,0.5354658,14.832259,1.6154747,0,86.759094,0.13705008,7.9712534,0.031357247,9,0,4,1,2,0,0,0,0
2022-10-17,19.110382,25.675018,14.082855,9.117471,94.82121,88.50304,0.37238368,7.5495987,862.68317,21.556662,0.57812935,14.5105715,2.5507545,0,94.82121,-0.062290736,11.19574,0.03187906,12,0,10,2,0,0,0,0,0
2022-10-24,19.32438,25.517944,14.662262,7.593192,103.79887,88.22576,0.5342149,6.421651,862.9914,21.825527,0.9425049,14.624739,2.691147,0,103.79887,-0.098868236,11.423406,0.06541232,16,0,9,2,1,0,0,1,0
2022-10-31,20.282688,25.95346,14.346405,9.981615,9.138823,77.19645,0.62500805,9.003715,862.2802,22.327513,0.43607002,13.555366,5.4295945,2,9.138823,-0.11571394,9.282298,0.3999311,19,1,15,2,1,0,0,0,0
2022-11-07,20.75861,27.057037,13.897736,11.418859,0.9186268,68.9944,0.63047713,10.326857,862.85785,22.322018,0.38035366,12.456531,7.5986557,9,0.9186268,0.18512835,8.405415,0.5684074,9,1,4,0,0,0,1,1,0
2022-11-14,20.601654,27.474396,14.173889,11.311864,1.5091896,70.50269,0.62370986,9.8431835,862.9256,22.227085,0.34774345,12.602301,7.1784997,16,1.5091896,-0.025896344,8.846526,0.5125161,19,0,10,3,1,0,2,1,0
2022-11-21,20.80798,27.89267,13.417389,12.432979,0.4014969,60.985657,0.54196775,10.701376,862.36725,21.741741,0.48958915,11.04476,9.588371,23,0.4014969,-0.10556466,8.701812,0.52303696,7,0,2,0,1,0,2,1,0
2022-11-28,20.93883,28.288177,13.091705,13.264504,0.0,52.279636,0.6419333,11.351378,861.16833,21.200459,0.26964024,9.536359,11.825267,30,0.0,-0.3670916,8.998258,0.6419333,12,0,8,1,0,0,1,0,0
2022-12-05,20.923292,28.912537,13.5937195,13.567727,0.47063828,54.343594,0.5492202,10.230748,860.6108,21.354078,0.716932,9.914439,11.301433,37,0.47063828,0.311506,9.944584,0.5309076,17,1,9,4,0,0,2,1,0
2022-12-12,21.096537,28.53653,13.071014,13.477098,0.00667572,47.59134,0.56595546,10.820002,862.1437,21.016256,0.36373466,8.766391,13.109052,44,0.00667572,-0.02241734,8.628023,0.5655437,23,0,15,3,1,0,1,0,0
2022-12-19,20.826517,29.012299,12.962311,14.199554,0.0,43.671177,0.67756045,10.8557825,861.4294,20.360434,0.44322857,7.9109025,13.869624,51,0.0,-0.09626988,8.149792,0.67756045,5,0,3,0,0,0,1,0,0
2022-12-26,20.037954,28.336823,12.801086,13.973794,0.034809113,46.28419,0.7121296,10.769907,862.46716,19.606503,0.5518058,8.00876,12.599854,58,0.034809113,0.31863838,8.472366,0.7099616,12,1,8,0,0,0,1,1,0
2023-01-02,20.495626,29.074188,12.628693,15.637831,0.0,43.61819,0.41327196,11.212733,862.72064,19.957031,0.34102377,7.7566094,13.590929,65,0.0,-0.07555135,8.525728,0.41327196,14,1,7,3,1,0,0,0,0
2023-01-09,21.26788,29.532684,13.26828,15.09341,0.00023841858,43.464325,0.629662,11.070613,862.8081,20.88649,0.4226641,8.088435,14.284174,72,0.00023841858,0.18997629,10.747166,0.6296286,11,5,4,0,0,0,0,0,0
2023-01-16,20.433764,29.451324,12.416565,15.744459,0.0,38.48852,0.52446663,11.427348,862.59735,19.476606,0.24764578,6.8200765,14.766561,79,0.0,-0.22124372,8.629358,0.52446663,19,4,13,0,0,0,0,0,0
2023-01-23,21.627285,29.879608,13.412659,15.01631,0.0,38.422787,0.70746654,11.123724,861.93805,20.893995,0.27743965,7.2935348,15.929622,86,0.0,-0.05494036,9.100464,0.70746654,20,4,14,0,1,0,1,0,0
2023-01-30,22.09374,30.96222,14.061371,14.549308,11.709452,51.303703,0.6998703,10.602328,861.08466,22.537968,0.42613873,9.912831,13.097953,90,11.709452,0.046325684,8.54805,0.49052125,24,4,18,1,0,0,1,0,0
2023-02-06,22.860678,31.040894,14.352203,14.989336,0.4682541,46.5307,0.6644186,11.342809,862.3117,23.11704,0.6460484,9.466616,14.930165,7,0.4682541,0.00084577285,10.389948,0.6368529,16,3,10,1,0,0,0,0,0
2023-02-13,23.399227,31.79071,15.1987,15.159746,0.02002716,32.29102,0.8383716,12.303896,861.79504,22.445282,0.26388115,6.763758,19.525927,14,0.02002716,-0.024797712,9.273767,0.8360556,13,3,8,0,1,0,1,0,0
2023-02-20,22.268751,31.477509,13.200684,16.461273,0.0,31.22703,0.7877394,12.388444,860.81006,21.026224,0.5918361,6.14426,18.508257,21,0.0,-0.03138079,10.519389,0.7877394,18,8,7,0,0,0,0,1,0
2023-02-27,23.434591,31.620758,14.172211,15.897383,0.03695488,39.035183,1.0846975,12.562093,862.09973,23.138601,0.48554775,8.222261,17.585209,28,0.03695488,0.2820522,10.159018,1.0782001,22,7,11,1,2,0,0,0,0
2023-03-06,22.906572,31.19928,16.179352,12.319161,20.889044,64.51609,0.58400786,9.571131,862.2567,24.77017,1.174735,13.043813,10.191264,31,20.889044,-0.37102398,9.231791,0.37800002,14,1,9,2,0,0,1,0,0
2023-03-13,21.860043,29.705078,14.970978,11.822335,10.060787,67.314354,0.81878674,9.939334,861.3041,23.665781,0.97880334,12.951883,8.60949,3,10.060787,0.09502302,9.036515,0.5601911,9,2,6,1,0,0,0,0,0
2023-03-20,21.296085,28.63269,15.550079,11.251674,21.920681,71.17196,0.8371997,8.862359,861.21,23.206827,0.8514448,13.212853,7.3884764,4,21.920681,0.12099784,9.34973,0.3935124,20,6,11,2,1,0,0,0,0
2023-03-27,19.712725,27.550262,14.458466,8.719147,82.97253,86.10176,0.3131352,6.7369356,862.3511,22.205973,1.6491481,14.5881605,3.2892098,0,82.97253,-0.02468436,7.5102444,0.03452287,16,6,8,2,0,0,0,0,0
2023-04-03,21.793528,28.765839,15.635071,11.376639,0.3991127,68.03965,0.54164654,9.597092,861.82794,23.63826,0.3856114,13.042799,8.3476715,7,0.3991127,-0.27801514,8.42405,0.5136131,17,2,12,2,0,0,0,0,0
2023-04-10,21.443987,29.370087,15.497589,10.717669,41.45169,78.45902,0.33943412,9.622289,860.9795,24.008144,0.9477626,14.667631,5.643376,9,41.45169,0.24696568,8.441305,0.10742437,17,6,8,2,0,0,0,0,0
2023-04-17,20.76277,28.172455,16.147919,10.061602,28.47433,80.93557,0.45681366,9.144286,861.3691,23.258991,1.6731873,14.546252,4.8382645,1,28.47433,-0.27468437,9.049707,0.17972347,22,5,14,2,0,0,1,0,0
2023-04-24,20.558424,28.726227,15.936676,9.424003,82.73459,86.09835,0.62020683,8.643935,860.7985,23.410418,0.7013855,15.351768,3.4020212,0,82.73459,0.34946114,11.262249,0.10789012,13,2,8,2,0,0,1,0,0
2023-05-01,20.278076,28.265259,15.667023,8.968209,61.12599,85.97097,0.468656,8.957588,862.3941,23.007824,0.8415571,15.09113,3.3542838,0,61.12599,-0.005824498,9.573323,0.06616143,10,2,5,2,0,0,0,1,0
2023-05-08,20.051357,27.311798,15.400269,9.889147,67.40928,86.07871,0.6658236,8.647039,863.4379,22.692856,0.5604466,14.904767,3.2867458,0,67.40928,0.11584473,10.235095,0.118468694,21,5,12,0,2,0,0,2,0
2023-05-15,21.096313,27.283691,16.323425,9.131583,62.195778,87.39476,0.58955526,8.525531,863.0577,24.289753,0.3440203,16.088348,3.1721833,1,62.195778,0.07940674,10.660105,0.15003392,20,4,9,2,1,0,1,0,0
2023-05-22,21.943163,27.839539,16.590302,8.522295,37.646294,83.86741,0.26025233,8.917052,863.13544,25.211369,0.9818115,16.21132,4.276151,1,37.646294,-0.09092494,9.609227,0.08094169,11,5,3,2,0,0,0,0,0
2023-05-29,21.47478,27.029694,16.729279,8.273058,44.733047,84.06396,0.4788352,8.720928,862.4828,24.556332,0.6827436,15.818385,4.1086326,0,44.733047,0.00082833425,10.479136,0.10795797,17,6,8,1,0,0,2,0,0
2023-06-05,20.543013,25.975006,16.064362,7.6732917,81.83694,88.197716,0.38606325,7.7241364,863.46985,23.559605,0.7018476,15.721033,2.8730583,0,81.83694,0.07080078,8.685109,0.0708151,13,4,8,1,0,0,0,0,0
2023-06-12,19.570383,25.07074,14.949921,6.427451,86.7033,91.08251,0.65840214,5.8856125,864.35077,22.393738,0.4773211,15.336539,2.0502293,0,86.7033,0.17609514,8.563141,0.05079099,11,2,4,1,2,0,0,2,0
2023-06-19,19.747091,25.374481,15.421661,6.909886,113.59596,91.670204,0.44999626,6.291832,863.8853,22.691614,0.6463972,15.5999365,1.926906,0,113.59596,-0.1583688,9.193193,0.038873415,6,1,4,1,0,0,0,0,0
2023-06-26,19.206652,24.640228,15.869629,5.100346,102.108,93.90065,0.9425062,4.9204698,863.7701,22.086317,0.4365147,15.4812,1.3710226,0,102.108,-0.03299386,7.9433784,0.06628739,20,6,11,1,0,0,2,0,0
2023-07-03,19.954868,25.026306,15.42691,7.287929,86.35879,90.60586,0.48778024,7.129859,864.43304,22.909502,0.54982215,15.611274,2.2089744,0,86.35879,0.21946499,9.574473,0.036266603,9,1,4,2,1,0,0,1,0
2023-07-10,19.400686,24.56485,15.468414,5.7942243,103.54686,91.705505,0.6657634,5.874775,864.4078,22.197308,1.0568935,15.284714,1.9021658,1,103.54686,-0.11633301,6.753037,0.0949134,15,4,8,3,0,0,0,0,0
2023-07-17,20.403913,25.338531,16.047546,7.0895257,54.24738,88.53859,0.39372125,7.522593,863.56055,23.38617,0.30137417,15.651659,2.7623143,0,54.24738,0.0017787388,9.102922,0.05685533,20,8,7,2,2,0,0,0,0
2023-07-24,20.153494,24.421326,16.778168,6.337751,61.899662,90.87523,0.7856528,6.6672273,865.1373,23.211432,0.2886396,15.833823,2.170972,0,61.899662,0.14100865,8.16694,0.099913634,14,4,7,2,0,0,0,1,0
2023-07-31,19.613953,25.738373,16.480011,5.825409,57.851555,92.22223,0.8049417,6.284947,864.97955,22.542557,0.55940026,15.570878,1.7889546,0,57.851555,0.019147601,7.9765806,0.10221022,8,3,4,1,0,0,0,0,0
2023-08-07,19.102556,23.611176,16.170807,4.918697,57.986023,94.04673,1.0842522,4.7820306,865.53235,21.949278,0.2746059,15.412613,1.3179457,0,57.986023,0.02709089,8.265584,0.14662158,11,4,7,0,0,0,0,0,0
2023-08-14,18.96616,23.74173,15.445618,5.0157166,111.4359,94.03686,0.59905446,4.959321,863.7816,21.748865,0.637643,15.275535,1.3363473,0,111.4359,-0.22329275,7.3205767,0.064267956,15,7,7,1,0,0,0,0,0
2023-08-21,19.86183,25.73993,15.499847,7.474775,79.46754,89.74995,0.570992,7.6148105,862.9828,22.709352,0.75670516,15.376042,2.3917727,0,79.46754,-0.17310442,9.348115,0.05421682,13,2,8,2,1,0,0,0,0
2023-08-28,19.839478,25.914886,15.906616,6.96919,94.14601,90.7252,0.38752005,6.7222443,862.6807,22.750235,0.8988299,15.519125,2.173515,0,94.14601,0.27022007,7.4744196,0.051668447,19,3,9,3,2,0,2,0,0
2023-09-04,19.641544,24.715698,15.098053,7.178811,87.09288,89.74934,0.75613844,7.502626,864.101,22.395586,0.56368583,15.177391,2.3542626,0,87.09288,-0.030796597,8.348446,0.0718006,14,6,5,2,0,0,1,0,0
2023-09-11,19.789381,25.00766,14.723846,7.47396,64.10313,89.746895,0.6342624,7.5084805,863.94293,22.605698,0.59843224,15.309592,2.383884,0,64.10313,-0.16547503,7.8531656,0.086926654,10,0,7,1,1,0,0,1,0
2023-09-18,19.299608,25.120392,16.360748,6.9266443,84.31649,91.239075,0.74961555,7.4058533,862.8649,22.021257,0.55555946,15.121497,1.973437,0,84.31649,-0.033211846,8.77363,0.08164509,6,1,3,2,0,0,0,0,0
2023-09-25,19.737871,25.51297,15.450348,7.960506,97.63503,89.03643,0.30897003,7.6826015,863.23004,22.479753,0.27427456,15.145251,2.525204,0,97.63503,0.20527866,10.075223,0.03162106,14,5,6,2,1,0,0,0,0
2023-10-02,20.166843,26.711243,15.526886,7.4902124,73.03214,88.20994,0.37994432,7.4302487,862.84344,23.02182,0.8180978,15.377945,2.808337,1,73.03214,-0.2506278,7.721347,0.065150104,17,3,10,1,1,0,0,1,0
2023-10-09,20.195845,25.780548,15.896515,7.5732293,75.76275,88.59601,0.23110388,6.4417596,863.03644,23.09898,0.5214059,15.483899,2.7027943,0,75.76275,0.1945452,9.355417,0.020880828,21,7,8,0,3,0,0,0,0
2023-10-16,19.990252,26.055908,15.805756,8.698822,85.391045,88.3101,0.35209244,7.988422,863.33636,22.781069,0.5926078,15.242432,2.7482708,0,85.391045,-0.16311209,10.769621,0.031778965,13,2,10,1,0,0,0,0,0
2023-10-23,20.309435,26.203033,15.341949,8.921121,56.42772,85.932915,0.5091196,8.40365,863.23016,23.044292,0.78777206,15.1015415,3.3875184,0,56.42772,-0.099635534,11.342973,0.10536628,22,5,13,1,3,0,0,0,0
2023-10-30,19.840227,26.300629,15.122345,9.009862,59.820652,86.51861,0.60721886,7.9563093,861.90247,22.428202,0.602696,14.794746,3.1494164,1,59.820652,-0.27834648,11.004335,0.09265488,23,4,15,1,1,0,2,0,0
2023-11-06,20.096958,25.922424,16.02243,8.4522705,85.72769,87.616684,0.38854316,8.180787,862.2834,22.877333,0.5280587,15.214141,2.9282734,0,85.72769,0.365557,10.189367,0.042104322,23,4,11,4,1,0,1,2,0
2023-11-13,19.946604,26.003143,15.743927,8.157074,38.229942,87.27106,0.35293245,7.624288,862.6781,22.633806,0.87494767,15.012527,3.0039196,2,38.229942,0.060782295,9.018839,0.09223586,17,4,9,2,2,0,0,0,0
2023-11-20,20.349165,26.765472,15.462524,8.470647,65.98497,80.645935,0.81606716,8.148397,862.641,22.676031,0.5988421,14.186143,4.6788983,2,65.98497,-0.10803223,11.431489,0.3043951,27,4,16,5,0,0,1,1,0
2023-11-27,20.05055,26.384186,14.571533,9.62847,47.514915,82.22062,0.47880486,8.059365,862.5368,22.380568,0.73335487,14.207214,4.2359214,4,47.514915,0.11364746,10.824092,0.16503286,10,3,5,2,0,0,0,0,0
2023-12-04,20.43392,27.197784,14.326721,11.52556,3.6361217,73.91555,0.5852469,9.725829,862.6778,22.267378,0.52186805,13.075699,6.3025784,5,3.6361217,-0.055132184,7.802651,0.46975157,29,7,17,2,2,0,0,0,0
2023-12-11,20.476034,27.205109,13.737274,12.639535,0.005722046,56.712833,0.66749316,10.679511,862.8642,20.972305,0.44308907,10.076172,10.417796,12,0.005722046,-0.03403146,7.0921373,0.6670409,20,6,12,1,1,0,0,0,0
2023-12-18,20.21576,28.696808,12.598907,14.060033,0.0009536743,56.170185,0.42987156,11.077216,861.768,20.596851,0.4146772,9.826299,10.393568,19,0.0009536743,-0.18436106,7.586698,0.42979923,26,7,14,3,1,0,0,0,0
2023-12-25,21.150156,29.450623,13.434448,14.539703,0.0,52.882576,0.6338597,10.939436,862.98645,21.521671,0.38272095,9.774996,11.816611,26,0.0,0.19716099,7.6755404,0.6338597,13,4,6,1,1,0,0,1,0
2024-01-01,21.127913,28.89981,13.374359,14.431235,0.0,50.214745,0.3743632,11.131415,863.33936,21.268324,0.2740377,9.259379,12.4889145,33,0.0,0.060638428,7.6558714,0.3743632,24,4,10,4,0,0,1,0,0
2024-01-08,21.69716,29.806427,13.498505,14.169734,0.0,40.559742,0.7884741,11.249776,863.625,21.16049,0.20869228,7.73105,15.426152,40,0.0,-0.11922782,8.436732,0.7884741,20,2,9,3,1,0,3,0,0
2024-01-15,21.039904,29.695343,12.958954,15.183812,0.0,33.27639,0.8864728,11.776586,863.1889,19.77417,0.42989677,6.1158648,16.62441,47,0.0,0.2520316,8.882904,0.8864728,19,7,6,3,1,0,0,0,0
2024-01-22,21.141998,30.156006,12.458221,15.899867,0.0,34.345947,0.6976385,11.927623,864.26605,19.976213,0.2998919,6.3381095,16.470873,54,0.0,-0.01247733,8.527151,0.6976385,20,4,10,1,2,0,2,0,0
2024-01-29,21.571665,30.812164,13.640564,15.457009,0.0,37.22304,0.6687411,11.742035,864.13,20.730421,0.33646938,7.053411,16.157045,61,0.0,-0.08090646,8.591636,0.6687411,25,4,15,5,0,0,0,0,0
2024-02-05,22.482046,30.916779,14.228699,15.243683,0.0,34.99136,0.58889836,11.8752775,863.8544,21.622547,0.39635357,6.991871,17.684927,68,0.0,0.16003418,9.025207,0.58889836,22,5,14,3,0,0,0,0,0
2024-02-12,23.215973,32.870758,13.895721,16.416697,0.007867813,34.43087,0.57977504,12.116041,863.7454,22.450165,0.41254097,7.1826973,18.67017,75,0.007867813,-0.29068428,9.308453,0.5790327,24,9,13,1,0,0,0,1,0
2024-02-19,24.019382,32.30661,16.26535,14.723589,0.010967255,33.624218,0.93924326,12.038951,863.18805,23.332485,0.51351494,7.3397365,19.814325,82,0.010967255,-0.041277204,9.846025,0.9377516,17,4,12,1,0,0,0,0,0
2024-02-26,23.598589,31.919495,16.727386,13.398433,0.5571842,47.199738,0.8236243,10.111354,861.9458,24.11378,0.82472885,10.01789,15.441446,89,0.5571842,0.0023367745,9.086735,0.7630393,23,10,7,4,0,0,0,1,0
2024-03-04,23.229849,32.391266,16.69693,11.805067,24.136543,67.98036,0.5431266,9.623159,861.9044,25.53265,1.2632926,14.006165,9.410958,91,24.136543,-0.078656875,9.297515,0.2813653,16,4,9,2,0,0,1,0,0
2024-03-11,22.306278,29.822388,17.035858,10.621321,47.9064,77.21026,0.38578987,8.640889,862.92725,25.130056,0.5583714,15.20391,6.227246,3,47.9064,0.22747803,8.049644,0.1292398,18,7,9,0,0,0,0,1,0
2024-03-18,22.18736,30.887909,17.058868,10.635895,29.797554,76.97123,0.40499592,9.271327,862.62537,24.952871,0.87935966,15.078706,6.201198,1,29.797554,-0.39177594,8.379492,0.17088486,22,6,11,4,1,0,0,0,0
2024-03-25,22.95989,30.66806,15.9314575,13.077004,1.6038418,57.464993,0.6588955,11.403997,861.07336,24.260393,0.48231724,11.783831,11.920272,7,1.6038418,0.18166678,9.039055,0.56227845,18,8,8,1,0,0,0,0,0
2024-04-01,23.470785,32.460052,16.48233,12.0156555,14.216661,69.03979,0.46728513,10.254481,862.27747,26.008022,0.62435913,14.5121975,9.074173,3,14.216661,0.1071167,10.2747135,0.21384719,17,6,7,3,1,0,0,0,0
2024-04-08,21.375227,28.21051,17.4747,8.840602,76.70856,84.22554,0.5146628,8.521091,862.071,24.421173,0.6049674,15.744873,4.054606,0,76.70856,-0.12880161,7.6617775,0.05341037,19,6,7,2,2,0,0,0,0
2024-04-15,21.409292,27.55655,16.70279,9.345559,52.08254,82.57577,0.5046273,8.681382,862.10333,24.33987,0.34982735,15.48482,4.4460673,1,52.08254,0.13413784,9.044878,0.14798927,11,3,5,2,1,0,0,0,0
2024-04-22,21.587934,29.518402,17.147888,10.436824,54.11434,81.93938,0.27208427,9.643506,861.6774,24.535646,0.70902795,15.514238,4.6883044,0,54.11434,-0.17660959,7.5402966,0.056986976,14,8,5,1,0,0,0,0,0
2024-04-29,22.209934,29.474304,17.585663,9.866189,37.77957,81.85198,0.46335632,9.86468,861.43054,25.422909,0.5630973,16.07411,4.8704906,0,37.77957,-0.01586914,8.878431,0.07888142,7,3,3,0,0,0,0,0,0
2024-05-06,22.07887,29.444977,17.643707,9.3691845,33.249138,80.42571,0.5981502,9.09633,861.49164,25.092236,1.1479623,15.637181,5.2862134,1,33.249138,-0.124668665,10.998509,0.19392017,7,2,3,0,1,0,1,0,0
2024-05-13,21.633165,28.723602,17.626678,9.089966,40.09986,83.447914,0.25212276,8.492864,861.78357,24.723764,0.7232971,15.831352,4.331111,0,40.09986,0.30209786,10.101711,0.04834684,11,5,2,1,1,0,1,1,0
2024-05-20,21.848358,28.692108,16.90921,9.0495825,67.25264,83.17372,0.49729198,8.652921,862.8542,25.010092,0.6650783,15.979271,4.448823,0,67.25264,0.008039202,9.55737,0.093660876,16,9,3,2,1,0,1,0,0
2024-05-27,20.681597,27.16806,16.630066,8.098467,67.24477,87.24361,0.555673,7.875886,863.70514,23.677736,1.0302473,15.668048,3.1575825,0,67.24477,0.17611258,9.164972,0.07456161,21,7,8,0,1,0,3,0,0
2024-06-03,21.183115,28.107544,17.303314,7.933755,58.171272,85.85708,0.5122334,8.1889925,864.2539,24.289358,0.83421105,15.888613,3.5726655,0,58.171272,0.068777904,9.892748,0.093515076,14,7,3,1,1,0,1,0,0
2024-06-10,19.978647,25.309875,16.388214,6.508972,61.269524,91.0305,0.58823115,6.249363,864.54694,22.973917,0.59650093,15.701902,2.1102397,0,61.269524,0.029296875,7.8944225,0.064569086,4,1,2,0,0,0,1,0,0
2024-06-17,20.072645,26.278412,14.872528,7.289071,85.52814,89.55363,0.46762118,6.7986617,863.86273,22.99721,0.82406616,15.537581,2.4748557,0,85.52814,-0.13622175,10.590568,0.041610062,9,5,3,1,0,0,0,0,0
2024-06-24,20.6314,25.958008,15.99118,8.300859,48.894405,86.93453,0.38465676,8.554246,863.19196,23.582605,0.9983651,15.570119,3.2104456,0,48.894405,-0.14146206,9.638163,0.07120006,13,7,3,2,0,0,1,0,0
2024-07-01,19.750977,25.102081,16.071564,7.1692724,138.18669,90.55528,0.402962,7.1490407,863.2374,22.614767,0.5719953,15.417971,2.1822567,0,138.18669,0.1812657,7.341991,0.040231086,17,6,4,1,1,0,3,0,0
2024-07-08,19.726864,24.211578,16.089691,6.193896,76.26152,90.929794,0.70940775,6.234112,863.692,22.60645,0.44155884,15.4551935,2.0932813,0,76.26152,-0.1110927,7.224231,0.06878322,11,5,3,1,0,0,1,0,0
2024-07-15,19.930328,24.217377,15.693878,6.993709,68.61138,89.75172,0.78729504,7.2916336,864.1644,22.806662,0.3712943,15.437615,2.3957465,0,68.61138,0.24993896,8.122344,0.07991469,23,14,6,1,1,0,0,1,0
2024-07-22,19.381063,23.979034,15.326935,5.6508875,85.1934,90.38163,1.1926168,6.293556,864.64404,22.073948,0.5621948,15.052466,2.1797678,2,85.1934,0.05177525,10.58,0.36436635,17,6,7,2,0,0,1,0,0
2024-07-29,19.64706,25.019928,16.351288,5.7054486,24.435997,89.25206,1.3683773,6.802381,864.8205,22.359653,0.562221,15.084359,2.497414,3,24.435997,-0.17822266,8.723753,0.44507164,10,3,5,1,1,0,0,0,0
2024-08-05,19.546396,24.7305,15.436737,6.5543823,58.087112,87.28209,1.2551539,7.618609,864.0346,22.06686,0.47272602,14.657849,2.9365861,1,58.087112,0.029427664,8.400494,0.46302366,24,7,9,5,0,0,0,2,0
2024-08-12,19.776327,24.911835,15.801941,7.0043554,15.266895,86.843506,1.3799393,8.269017,863.0913,22.362776,0.3673183,14.794676,3.0557404,2,15.266895,-0.18841553,9.751497,0.5190538,17,3,8,3,2,0,1,0,0
2024-08-19,18.904013,24.200928,15.356354,5.691541,70.542336,91.74847,1.044067,6.033633,864.1767,21.495493,0.5310277,14.848104,1.8281716,1,70.542336,0.118600026,9.325319,0.25355378,13,5,5,2,0,0,1,0,0
2024-08-26,18.927176,24.092316,15.106537,5.771096,69.54503,91.70199,1.1010438,6.008313,863.72955,21.529512,0.44076538,14.871094,1.8212534,0,69.54503,-0.19417027,11.346143,0.17217048,13,3,8,1,0,0,0,0,0
2024-09-02,19.614288,25.012634,16.047638,6.6890607,71.62666,89.51942,1.0434697,7.5721765,863.76904,22.328596,1.0162877,15.090202,2.45064,0,71.62666,0.1869594,8.992648,0.2507262,17,5,8,2,2,0,0,0,0
2024-09-09,19.403948,24.603546,15.317749,7.2492676,72.46494,89.83349,0.6011809,7.1262503,863.8907,22.060526,0.73291886,14.970229,2.3237855,1,72.46494,0.018075125,7.839814,0.09085648,23,8,9,1,1,0,1,0,0
2024-09-16,19.748714,25.050446,15.485443,7.567845,107.1086,90.316605,0.42809343,7.5106378,863.6955,22.592936,0.15468924,15.37461,2.2274241,1,107.1086,-0.017072406,8.416428,0.041838456,9,1,6,0,2,0,0,0,0
2024-09-23,19.288662,24.509247,15.872772,6.967743,82.092285,91.093155,0.7298239,7.005529,862.7593,21.995756,0.75853187,15.088996,2.0076127,0,82.092285,-0.15247454,9.559745,0.070343055,9,3,5,0,0,0,0,0,0
2024-09-30,19.31366,25.400696,15.101685,7.0656867,92.37027,90.58531,0.4945145,6.3831635,863.08875,21.99605,0.53526527,15.031594,2.1253955,0,92.37027,-0.10429164,7.1353717,0.046181608,16,5,5,1,2,0,1,1,0
2024-10-07,19.24545,25.024902,15.508942,6.750022,158.07127,91.69227,0.40619054,6.644866,862.826,21.978949,0.6349836,15.150741,1.8611281,0,158.07127,0.27310616,8.043801,0.020944327,14,7,5,1,1,0,0,0,0
2024-10-14,18.85083,25.752167,15.382538,5.9454303,81.32076,90.98104,0.5158068,5.577577,864.03577,21.369726,0.7769078,14.6864605,1.9817145,0,81.32076,0.09898158,8.013629,0.044101145,23,11,7,1,3,0,0,0,0
2024-10-21,19.574371,25.31717,14.671509,7.7831073,107.05161,89.82177,0.3602891,7.2372594,863.5991,22.308277,0.8159049,15.134758,2.3308463,0,107.05161,-0.2079991,9.597917,0.025485545,18,2,9,3,2,0,2,0,0
2024-10-28,20.361864,27.05545,15.676544,8.47614,58.45237,84.958305,0.44459718,7.851296,862.90375,23.039091,0.53427994,14.970276,3.6348183,0,58.45237,-0.14772251,8.792413,0.10792378,20,3,10,3,2,0,1,0,0
2024-11-04,20.675524,26.399078,15.030548,9.842385,5.730629,76.16976,0.67459667,9.536477,862.80695,22.78544,0.34371948,13.683934,5.814724,5,5.730629,0.14756557,9.238559,0.47896808,38,6,22,3,2,0,3,1,0
2024-11-11,21.24632,28.209534,13.812164,10.657057,0.8895397,66.372,0.8308219,10.08912,862.14935,22.763811,0.5556466,12.333781,8.486357,12,0.8895397,-0.17732456,9.730258,0.74637836,24,8,7,5,2,0,2,0,0
2024-11-18,20.955858,27.60028,13.153717,11.916443,0.93626976,60.745533,0.83089596,11.056577,861.8185,21.920542,0.43736485,11.107957,9.719801,19,0.93626976,0.053867884,10.328846,0.74352634,26,10,9,1,3,0,1,1,0
2024-11-25,21.19295,28.160187,13.628693,13.187356,0.07104874,56.736294,0.68673927,11.3178835,863.0864,21.894766,0.30181012,10.512237,10.877698,26,0.07104874,0.12921143,8.82536,0.6800047,23,7,8,5,1,0,1,1,0
2024-12-02,20.640778,28.91388,12.765991,13.529214,0.074625015,54.365776,0.7618244,10.943924,863.3976,20.994064,0.32693917,9.750499,11.103185,33,0.074625015,-0.15945871,8.772474,0.7545076,22,9,7,3,0,0,0,2,0
2024-12-09,20.93907,28.943695,13.189178,14.516754,0.06866455,48.438152,0.72544193,10.988855,862.4101,20.8905,0.4347883,8.84178,12.772019,40,0.06866455,0.034929547,9.531174,0.71816856,22,5,5,5,1,0,2,1,0
2024-12-16,21.373766,29.631775,13.45108,15.008082,0.0,44.239037,0.60790956,10.838412,862.30084,21.08298,0.31916156,8.287831,14.174956,47,0.0,0.12288121,9.997902,0.60790956,20,8,7,2,2,0,0,0,0
2024-12-23,21.056162,29.839508,13.310516,15.027841,0.0,42.877094,0.54582065,10.830726,863.13824,20.579138,0.28791156,7.880128,14.249659,54,0.0,-0.102608815,8.784273,0.54582065,23,8,12,2,0,0,0,1,0
2024-12-30,22.041098,29.892029,13.421326,15.614598,0.0,40.560204,0.57206285,11.1477,862.6827,21.580873,0.28162494,7.892575,15.745469,61,0.0,0.046081543,10.527033,0.57206285,18,5,11,0,0,0,0,1,0
2025-01-06,22.232395,30.603882,13.747009,15.504747,0.0,38.753086,0.7148834,11.320616,862.08997,21.653982,0.45576987,7.624286,16.420248,68,0.0,-0.010335286,11.220453,0.7148834,26,7,9,5,0,0,2,2,0
2025-01-13,20.793741,29.703064,12.8107605,15.91629,0.0,39.411163,0.5380122,11.424808,862.20703,19.980083,0.14443098,7.1332617,14.870397,75,0.0,-0.06935338,8.679345,0.5380122,17,2,10,2,2,0,1,0,0
2025-01-20,21.407736,30.723358,13.676361,13.546056,13.973951,55.070923,0.72472906,10.196082,861.9665,21.964447,0.76268226,10.187245,11.704882,80,13.973951,0.27282715,10.723528,0.4704361,19,8,6,0,1,0,2,0,0
2025-01-27,22.147732,29.447754,14.557343,12.922891,0.5300045,45.442413,0.9671412,10.969106,862.81006,22.112574,0.58813477,8.840236,14.636224,7,0.5300045,-0.06161935,8.613243,0.92345136,21,2,11,3,0,0,2,1,0
2025-02-03,22.151686,30.910309,13.731689,15.28649,0.0,35.854156,0.80479515,12.113645,862.07764,21.301138,0.3890381,7.019776,17.11663,14,0.0,-0.35289654,8.416644,0.80479515,36,10,13,5,0,0,2,2,0
2025-02-10,24.071371,31.745636,16.196106,14.406913,0.0019073486,32.174843,0.8585826,12.005921,860.74744,23.23914,0.44968086,7.018128,20.344095,21,0.0019073486,-0.10988944,8.432634,0.8583279,31,9,11,2,1,0,1,3,0
2025-02-17,23.805738,31.638824,14.688629,15.536072,0.0042915344,29.208435,0.94231135,12.195894,861.23975,22.636526,0.2982483,6.276829,20.889986,28,0.0042915344,0.16196987,9.451546,0.94188553,26,6,11,5,2,0,0,0,0
2025-02-24,23.817007,31.8461,15.4513855,14.364314,1.648426,47.73276,0.7298245,11.094041,861.78766,24.431578,0.4813712,10.233369,15.493777,33,1.648426,0.19361223,9.151534,0.62007916,20,5,12,2,0,0,0,0,0
2025-03-03,23.1533,32.37146,15.51297,13.626748,7.871866,55.66766,0.668983,10.711816,861.9467,24.26941,0.77553886,11.37439,12.881065,5,7.871866,-0.2742397,9.381261,0.50731885,18,4,12,1,0,0,1,0,0
2025-03-10,23.936472,31.932037,16.49466,13.535492,1.2242794,55.898136,0.7006214,10.712832,860.91174,25.399765,0.6692418,12.108122,13.144078,12,1.2242794,0.16845703,9.753838,0.6275374,21,6,10,1,0,0,0,3,0
2025-03-17,23.579721,31.309723,17.140503,13.030726,4.4891834,60.842773,0.84210163,10.475721,861.88367,25.4004,0.5533491,12.9151945,11.412315,4,4.4891834,0.057503838,10.865789,0.56977195,32,10,17,0,0,0,0,4,0
2025-03-24,22.198273,29.318146,16.427948,11.279933,29.52385,71.30843,0.43243256,9.272952,862.7783,24.473597,0.45828247,13.985719,7.694435,1,29.52385,0.16973005,9.3194065,0.18145366,23,5,9,4,0,0,1,1,0
2025-03-31,22.520979,29.189178,16.133148,10.521959,29.71077,74.714066,0.7515174,9.395721,861.14246,25.202194,1.1498152,14.876793,7.0226636,1,29.71077,-0.288208,8.8396225,0.2996437,33,7,18,1,0,0,2,4,0
2025-04-07,22.003387,30.25589,15.792084,10.104078,38.772346,76.325325,0.6090069,9.580309,861.7163,24.613894,1.0918143,14.74348,6.412664,1,38.772346,0.123073034,9.12796,0.2202467,25,9,6,5,0,0,0,2,0
2025-04-14,21.248514,29.526733,15.671265,10.466727,69.945816,80.58524,0.46225533,9.107658,862.5704,23.92124,1.4831107,14.916517,5.0595984,1,69.945816,0.03966413,11.08606,0.10913051,28,9,13,2,3,0,1,0,0
2025-04-21,20.935207,28.104462,16.480469,9.169412,85.93797,85.827614,0.33598378,8.003794,861.96844,23.916142,0.9472351,15.622292,3.5881631,0,85.93797,-0.26397705,8.786936,0.04370677,27,11,9,2,0,0,2,2,0
2025-04-28,20.407053,27.941498,16.540863,9.462664,93.028786,87.1966,0.40878478,8.510527,861.1656,23.287115,0.9655587,15.42144,3.0962873,0,93.028786,0.14059012,10.463136,0.032631487,17,3,9,2,2,0,0,1,0
2025-05-05,20.575605,27.067902,15.2473755,9.323922,56.270836,83.27968,0.40450504,8.908468,861.9751,23.213343,0.4269976,14.870764,4.070906,1,56.270836,0.23662458,10.060705,0.09229189,21,7,7,3,2,0,0,1,0
2025-05-12,20.34039,26.73294,15.843048,9.163413,73.74429,85.856384,0.6601716,8.357194,863.4037,23.087063,0.5268206,15.12592,3.3969378,0,73.74429,0.10505022,11.357311,0.07664628,24,4,7,4,3,0,1,1,0
2025-05-19,20.58044,26.484528,16.444214,8.363046,47.007797,84.76693,0.5410705,8.3419485,862.187,23.338469,0.87159073,15.139621,3.7252824,0,47.007797,-0.14814976,10.676193,0.10491638,42,8,23,2,1,0,1,5,0
2025-05-26,20.77318,28.028412,16.189728,8.476771,62.39438,84.999695,0.5571891,8.56225,863.8402,23.62962,0.8224923,15.350957,3.7054393,0,62.39438,0.32177734,8.7771015,0.07057826,29,11,10,1,2,0,3,2,0
2025-06-02,20.58908,26.298798,15.503326,8.784637,51.717995,84.871025,0.4142568,8.685554,864.6732,23.358644,0.86794174,15.165418,3.693409,0,51.717995,-0.05276925,9.928083,0.06783275,20,5,10,3,0,0,0,0,0
2025-06-09,19.926266,26.303131,14.960663,8.455571,60.86731,86.40429,0.44960287,7.8339133,864.56836,22.540327,0.67484826,14.849442,3.187936,1,60.86731,-0.12460763,13.032382,0.1660359,26,7,13,1,1,0,1,1,0
2025-06-16,20.128937,26.322723,15.6579895,8.963981,58.08663,85.94765,0.44342038,8.644261,863.80804,22.788698,0.7777928,14.941892,3.3583143,2,58.08663,0.21036203,8.859945,0.1217423,28,5,14,1,2,0,1,0,0
2025-06-23,19.52925,24.786407,14.75528,7.9603357,93.015434,89.18376,0.39406535,7.8567724,864.7629,22.196249,0.25237164,14.987124,2.457802,0,93.015434,-0.22270857,8.924926,0.036471933,25,11,5,5,0,0,3,0,0
2025-06-30,19.914524,24.805206,15.650665,6.9869866,55.645226,88.56268,0.5643164,6.927551,863.7209,22.689663,0.67181396,15.211139,2.6930661,0,55.645226,0.004891532,8.754712,0.09505679,23,9,7,2,2,0,0,1,0
2025-07-07,19.039053,22.974274,14.476868,5.573438,80.067154,92.4123,0.8957381,5.329473,864.6868,21.7356,0.5360543,15.077956,1.6938921,0,80.067154,0.15829031,7.7708263,0.101497285,17,7,4,0,1,0,0,1,0
2025-07-14,18.828264,22.483063,15.1232605,5.7031293,65.98901,91.484276,1.1684581,5.9676566,865.48254,21.375208,0.34024048,14.75103,1.8547957,0,65.98901,0.24238804,9.29187,0.13057423,18,5,6,4,0,0,1,1,0
2025-07-21,18.715315,23.826202,15.528656,5.9153748,61.57231,94.03988,1.0436796,5.956404,864.86005,21.398542,0.36528668,15.063544,1.2899096,0,61.57231,-0.41445488,7.250495,0.11317067,26,4,10,6,2,0,1,2,0
2025-07-28,18.502903,22.865509,15.505554,4.5658917,141.83664,95.828575,0.97880155,4.380944,864.5235,21.222126,0.6644069,15.155291,0.89882714,0,141.83664,0.19758824,7.444309,0.061054308,38,4,17,11,1,0,0,1,0
2025-08-04,19.037638,24.026245,15.47879,5.60764,91.22658,94.10076,0.826485,5.7765303,865.02936,21.859022,0.57847375,15.35884,1.3104752,0,91.22658,-0.030011859,8.296325,0.066932976,33,8,11,7,5,0,1,0,0
2025-08-11,18.289713,22.747955,15.719849,5.2309046,84.41043,95.74178,1.0522801,5.1945586,863.71155,20.91445,0.2856271,14.952846,0.89734405,0,84.41043,-0.2258388,7.7714477,0.10484135,22,4,7,4,0,0,1,2,0
2025-08-18,18.782969,24.861969,14.884247,7.562177,10.052919,88.08074,1.3787363,8.556093,864.23486,21.060167,0.45657784,14.146025,2.621285,3,10.052919,0.20951626,10.026618,0.693505,19,4,7,4,3,0,0,1,0
2025-08-25,18.701721,25.024963,15.509033,6.2891192,40.755272,91.40304,1.2436882,6.965461,863.9917,21.186392,0.53071815,14.61724,1.8770161,4,40.755272,0.021763394,10.08684,0.27558795,15,2,5,4,2,0,0,0,0
2025-09-01,19.544346,24.64853,16.154144,7.4913025,33.828735,86.98082,1.103881,8.7296295,864.56537,22.049093,0.647304,14.622008,2.9741695,1,33.828735,-0.069022045,8.546282,0.29452372,23,7,7,5,1,0,2,1,0
2025-09-08,19.102207,24.301422,15.3524475,6.3999763,87.05544,91.908195,0.6589094,6.354916,863.8216,21.791456,0.41664776,15.058215,1.798662,0,87.05544,-0.0733817,7.3117695,0.056998726,18,1,5,5,3,0,3,0,0
2025-09-15,19.101162,23.925293,14.972931,6.9772644,87.20351,90.39404,0.6227337,6.992434,864.24023,21.680065,0.41295952,14.809891,2.1306534,0,87.20351,-0.12774658,8.692222,0.05678595,15,2,4,3,2,0,1,1,0
2025-09-22,19.115583,24.89975,15.901611,7.647156,119.70973,90.97929,0.35881117,7.4904966,863.4579,21.74475,0.60369873,14.9218855,2.004177,0,119.70973,0.11278425,9.12709,0.021775888,13,3,5,1,0,0,2,1,0
2025-09-29,19.24136,24.75882,15.730133,6.9408045,88.37366,89.962326,0.49524078,6.799491,864.16925,21.845165,0.48679024,14.859166,2.2508733,0,88.37366,0.0071411133,8.823339,0.044730026,10,2,6,1,1,0,0,0,0
2025-10-06,18.694614,23.075409,15.457733,6.1814795,162.52542,91.19247,0.6215625,5.9720435,863.70013,21.165209,0.43105644,14.585535,1.9065056,0,162.52542,-0.030456543,7.6938653,0.057416733,26,6,8,6,0,0,2,0,0
2025-10-13,18.789652,25.009674,13.865265,7.8771143,76.06625,89.754326,0.45014134,6.61629,862.86536,21.196747,0.67524064,14.43778,2.228571,0,76.06625,-0.18135288,10.685104,0.040359013,14,3,6,2,0,0,0,0,0
2025-10-20,19.588423,25.42749,14.850861,8.777247,72.99256,86.061035,0.45027408,8.289969,862.9668,22.043346,0.8927743,14.507154,3.2041638,0,72.99256,0.1443743,12.292851,0.056671422,18,4,11,0,0,0,0,0,0
2025-10-27,19.817118,26.418365,14.488495,9.3440075,71.02418,87.29043,0.20254008,8.5370655,863.2197,22.459017,0.49701363,14.916699,2.9453359,0,71.02418,-0.10288783,9.6637125,0.021802528,29,8,10,3,1,0,3,2,0
2025-11-03,19.442806,24.662262,15.022308,7.4290032,91.96818,89.57775,0.34267792,6.6216736,863.44446,22.099308,0.6608887,14.968095,2.371827,1,91.96818,0.17858015,9.266438,0.069934964,29,8,12,1,0,0,2,1,0
2025-11-10,19.679216,25.573395,14.81839,8.627655,32.150986,84.37739,0.6292402,7.544032,863.2876,22.040104,0.61376953,14.292517,3.603582,1,32.150986,-0.10163225,10.060712,0.18374382,34,3,19,3,0,0,3,4,0
2025-11-17,19.838531,26.204926,14.01944,10.788125,2.6493073,73.67847,0.66664904,9.658693,863.21906,21.444275,0.68726456,12.589595,6.124942,6,2.6493073,0.054356165,9.224494,0.56270474,50,10,21,3,0,0,5,2,0
2025-11-24,20.753248,27.746796,13.957825,12.197383,0.7312298,65.45519,0.6094691,10.140397,862.6456,22.026081,0.3028172,11.806495,8.4751835,13,0.7312298,-0.07927595,7.8465624,0.5591754,31,7,9,7,2,0,1,1,0
2025-12-01,21.14709,28.665894,13.638489,13.243622,0.921011,64.72801,0.5902729,10.00952,861.1414,22.492567,0.5594657,11.953135,8.865679,20,0.921011,-0.41195244,9.755927,0.5416669,40,9,13,2,1,0,2,3,0
2025-12-08,21.248535,28.12735,15.197723,11.071428,3.9286613,70.904594,0.59482867,8.930937,861.6437,23.133038,0.50609916,13.155312,7.3765035,23,3.9286613,0.39381626,9.182341,0.41597623,34,6,9,8,0,0,2,4,0
2025-12-15,21.759914,28.757446,14.291046,13.341387,0.43725967,52.527424,0.65494025,10.214109,862.20465,22.263851,0.40451485,10.051654,12.369378,10,0.43725967,-0.18157959,10.229432,0.62181723,30,7,15,4,0,0,0,1,0
2025-12-22,21.559208,29.178558,13.076447,14.126962,0.04720688,48.371502,0.72032577,10.742343,861.5671,21.65389,0.70921105,9.144313,13.304403,17,0.04720688,-0.08898054,8.416397,0.7174162,22,4,11,1,0,0,2,1,0
2025-12-29,22.274994,29.966644,14.4086,14.324407,0.38051605,55.12336,0.6198149,10.5492,862.4006,23.14501,0.59147424,10.851442,12.090454,24,0.38051605,0.407523,7.933725,0.6030579,13,2,6,3,0,0,1,0,0
2026-01-05,22.051989,30.203156,14.70163,13.655814,1.3260841,56.69978,0.5654232,10.077551,862.8844,22.990728,0.21531677,11.012896,11.516698,31,1.3260841,0.055948894,9.190056,0.52721626,29,4,14,8,1,0,1,1,0
2026-01-12,21.587616,29.659973,13.681976,14.289281,0.08249283,45.61672,0.72331375,11.112001,862.5806,21.437054,0.60832435,8.598008,14.094614,38,0.08249283,-0.01739502,8.85291,0.7140454,21,4,13,1,0,0,0,1,0
2026-01-19,21.302935,29.323639,13.656403,13.920027,1.0035038,49.836445,0.56728846,10.839928,861.5343,21.459913,0.30947003,9.290934,12.701116,45,1.0035038,-0.23898752,8.895066,0.5170361,21,1,8,4,2,0,1,0,0
2026-01-26,21.832903,30.196869,14.772247,13.015734,7.923603,59.992252,0.65487385,10.2028885,862.2919,22.986814,0.2962254,11.5011015,10.510223,6,7.923603,0.3330078,8.281125,0.51397705,20,8,7,2,1,0,0,1,0
2026-02-02,21.919416,30.02597,13.704803,14.327911,0.7479191,46.732388,0.61731476,11.27715,863.0375,21.986324,0.4339251,9.069034,13.960508,13,0.7479191,-0.12329973,8.48419,0.5694207,21,6,10,2,0,0,0,0,0
2026-02-09,21.94921,30.795258,14.989716,13.236097,3.3397675,62.306755,0.62680393,10.046049,862.92444,23.345484,0.81126183,12.036204,9.983385,16,3.3397675,0.05241176,9.59984,0.4640086,19,7,4,3,1,0,2,1,0
2026-02-16,21.586239,29.26184,15.614105,12.349335,5.2564144,68.03952,0.4979894,9.493936,863.0306,23.34943,0.7884652,12.869845,8.284327,6,5.2564144,0.103637695,9.101015,0.38790435,15,4,6,1,0,0,0,0,0
2026-02-23,22.05185,30.155304,14.092773,14.235931,0.010728836,38.83297,0.9737565,12.41891,862.22424,21.433264,0.38902935,7.540258,16.251362,13,0.010728836,-0.31161064,9.63995,0.97191185,21,3,9,4,1,0,0,0,0
2026-03-02,21.952759,30.228912,14.519897,13.880698,0.0,36.491932,0.7265086,12.697906,861.21326,21.113647,0.536826,7.0504446,16.762035,20,0.0,0.010881697,9.073385,0.7265086,16,5,3,2,2,0,0,0,0
2026-03-09,22.80861,31.997498,13.982269,16.263231,0.0014305115,39.93763,0.77136403,12.835701,861.5529,22.468693,0.24663435,8.139544,16.657406,27,0.0014305115,-0.007978166,8.662204,0.7711869,19,6,6,5,0,0,1,0,0
2026-03-16,21.594896,30.432068,15.459625,11.217634,59.792397,75.94352,0.5137211,9.217916,861.20325,23.99402,1.0393677,14.292697,6.4059205,29,59.792397,0.12714495,8.770948,0.1829759,22,7,9,4,0,0,1,0,0
2026-03-23,21.177809,29.125946,14.430054,11.784136,26.625872,72.59346,0.6883024,10.536163,861.02246,23.13731,0.71858436,13.3296,7.0758123,2,26.625872,-0.15763637,9.304556,0.33789778,18,0,12,2,0,0,2,0,0
2026-03-30,20.28299,27.013458,14.527771,9.817435,88.33551,85.47511,0.59044886,8.410371,861.2553,22.975843,0.58700126,15.008383,3.4676738,0,88.33551,0.03792027,10.937149,0.052769717,19,8,6,2,0,0,2,0,0
2026-04-06,20.01055,27.72116,15.487793,9.399841,40.0548,83.22438,0.4075636,8.2183,862.7399,22.391174,1.3803711,14.32138,4.0968204,1,40.0548,0.29121616,7.959333,0.15709296,23,5,10,5,0,0,0,0,0
2026-04-13,20.987928,28.334106,16.335052,9.308558,38.22279,79.47816,0.57616776,8.6493435,862.23846,23.47378,1.1367013,14.511945,5.1686144,2,38.22279,-0.34344482,12.333853,0.1811064,25,7,7,4,2,0,1,1,0
2026-04-20,21.22886,28.181854,16.62027,9.358037,51.476242,83.45249,0.5618564,8.7848015,860.25916,24.14242,1.0760149,15.456643,4.2397676,0,51.476242,-0.16482107,10.239425,0.12705812,21,6,7,1,1,0,0,3,0
2026-04-27,20.663889,27.97165,16.105652,9.486394,67.729,83.586,0.47640404,8.911395,861.2853,23.35501,0.818621,14.98602,4.0661864,1,67.729,0.45527866,8.380861,0.112771235,26,5,16,1,0,0,1,1,0
